question,answer
What health services are available at the campus Health Centre,The campus Health Centre provides general medical consultations routine checkups chronic condition support and minor injury treatment Students can also access advice on medications vaccinations and referrals to external specialists if needed
Do students need to register with the Health Centre before using its services,Yes students should register with the Health Centre as soon as they arrive on campus Registration allows faster appointment booking and ensures staff have the necessary medical information
How do I book an appointment with a doctor or nurse at the Health Centre,Appointments can be booked online through the student portal by phone or in person at reception Urgent cases may be offered same day appointments depending on availability
What should I do if I need medical help outside Health Centre hours,If the Health Centre is closed you can use the local urgent care service or a national out of hours helpline For emergencies you should contact emergency services directly
Are mental health counselling services provided on campus,Yes the university offers confidential mental health counselling delivered by qualified therapists Students can receive support for stress anxiety low mood academic pressure and personal challenges
How long is the waiting time for mental health appointments,Waiting time varies but the university aims to offer an initial consultation within two weeks Urgent cases may receive faster support or be directed to external crisis services
What wellbeing workshops or group sessions are available to students,Workshops cover topics such as stress management sleep routines mindfulness resilience and healthy living Group sessions are free and designed to support student wellbeing
Can I access support for disabilities or long term health conditions,Yes the Disability Support Service offers personalised guidance learning adjustments and accommodation recommendations Students can receive help with documentation and ongoing wellbeing plans
What should I do if I need academic adjustments for health reasons,You should contact the Disability Support Service with relevant medical evidence An advisor will help create a personalised support plan such as extra time flexible deadlines or alternative formats
Are there nutrition or diet support services for students,Yes students can book appointments with a nutrition advisor who helps with meal planning healthy habits and dietary needs Workshops are offered throughout the year
Does the university gym provide fitness assessments or personal training,Yes the gym offers optional fitness assessments covering strength cardiovascular fitness and flexibility Students can request personalised exercise plans to support their goals
Is there a cost for attending group fitness classes at the gym,Most group classes are included with student membership while some specialist sessions may have a small additional fee Booking is done online through the class system
What support is available for students recovering from injury,The sports therapy team provides rehabilitation advice guided exercises and injury assessments They work with the Health Centre to create safe recovery programmes
Do you offer support for exam stress and academic pressure,Yes the wellbeing team provides one to one sessions focused on managing stress building study routines and balancing work demands Workshops are offered during the exam season
What should I do if I am worried about a friends mental health,You should contact the wellbeing team who can provide guidance on how to support your friend Staff can help assess urgency and direct you to suitable resources
Can international students use the same health and wellbeing services as others,Yes all students have equal access to health counselling and wellbeing support The team also offers help with cultural adjustment and settling into university life
What should I do if I feel unsafe on campus,You should contact campus security who operate twenty four seven They can provide immediate assistance safety escorts and support with incident reporting
Are there workshops focused on improving sleep and healthy routines,Yes sleep wellbeing workshops teach practical techniques for better sleep Topics include night routines screen use and understanding sleep cycles
How can I access support for substance misuse concerns,Students can access confidential help through specialist advisors who provide guidance on risk reduction treatment options and behaviour change They can also refer you to external services
What resources support general emotional wellbeing,The university offers self help guides wellbeing toolkits relaxation audio and online modules on stress motivation and emotional regulation All materials are free through the wellbeing portal
How do I request a repeat prescription through the Health Centre,You can request a repeat prescription by submitting a form through the student portal or by visiting reception Staff will process the request and contact you when it is ready for collection
Does the university offer physiotherapy services,Yes the university provides physiotherapy appointments for assessment treatment and guided rehabilitation Students can book sessions for sports injuries posture issues and chronic pain
What should I do if I feel overwhelmed by academic workload,You can book a study support session with the wellbeing team who can help you create a realistic study plan They also offer techniques for managing pressure and improving focus
Are there peer support groups available for students,Yes the wellbeing centre runs peer groups where students meet to discuss challenges share advice and build community These sessions are facilitated by trained student volunteers
How can I learn more about maintaining a healthy work life balance,Work life balance workshops run each term teaching time management boundaries and self care strategies Students can also access online guides with practical tips
What services are offered for students experiencing homesickness,The wellbeing team provides one to one emotional support and practical guidance for adapting to university life Social events and peer groups also help students feel more connected
How do I access sexual health services on campus,Sexual health clinics visit campus regularly offering free testing contraception and advice Appointments are confidential and can be booked online
Does the Health Centre provide vaccinations,Yes the Health Centre offers routine vaccinations including flu and travel related vaccines Availability may vary so students should book early during peak times
What should I do if I think I need an urgent mental health appointment,If you feel at risk or highly distressed you should contact the wellbeing team immediately who will prioritise your case In severe situations emergency services may be required
Are there resources to help improve my sleep schedule,Yes the wellbeing portal includes sleep guides audio relaxation tracks and step by step plans You can also attend sleep workshops for personalised advice
What fitness facilities are available beyond the main gym,Students can access sports halls climbing walls courts and fitness studios Additional outdoor facilities include running tracks and training fields
Is there support for managing chronic fatigue or long term exhaustion,Yes specialist advisors help create personalised routines that balance activity pacing rest and academic responsibilities They also coordinate with medical services for ongoing monitoring
How can I build healthier eating habits during busy study periods,The nutrition advisor can help you plan quick balanced meals and snacks Practical workshops also teach budget friendly cooking methods
Does the wellbeing team help with social anxiety,Yes the team offers strategies for confidence building exposure planning and communication skills Group sessions may also support social interaction in a safe environment
Are there programmes that teach mindfulness or meditation,Yes weekly mindfulness sessions are open to all students and guided by trained practitioners Online recordings are also available for self guided practice
What should I do if I am struggling to adapt to university life,You can arrange a settling in appointment with a wellbeing advisor who can offer emotional support and practical suggestions Social groups and community events also help students integrate
Can I receive support for financial stress as part of wellbeing services,Yes wellbeing advisors can help you understand financial pressures and signpost you to hardship funding budgeting tools and student advice teams
How can I stay active if I am new to exercise,The gym offers beginner friendly classes and introductory fitness programmes Coaches can help you build confidence and learn safe movement patterns
What should I do if illness causes me to miss assessments,You should contact your academic school and the wellbeing team who can guide you through extension requests or mitigation processes Medical evidence may be required
Are there services that help students build resilience,Yes resilience workshops teach coping skills emotional regulation and problem solving techniques Students can also access personalised coaching through wellbeing advisors
